<xml><block type="when_run" deletable="false" movable="false"><next><block type="maze_moveSouth"><next><block type="maze_nectar"><next><block type="maze_nectar"><next><block type="maze_moveEast"><next><block type="maze_nectar"><next><block type="maze_moveEast"><next><block type="maze_moveSouth"><next><block type="maze_honey"><next><block type="maze_honey"><next><block type="maze_honey"/></next></block></next></block></next></block></next></block></next></block></next></block></next></block></next></block></next></block></next></block></xml>